{"cameraMode":{"drawMode":0,"name":"Shaded","section":"Shading Mode"},"sceneLighting":true,"audioPlay":false,"sceneViewState":{"m_AlwaysRefresh":false,"showFog":true,"showSkybox":true,"showFlares":true,"showImageEffects":true,"showParticleSystems":true,"showVisualEffectGraphs":true,"m_FxEnabled":true},"in2DMode":false,"pivot":{"x":-5.0254926681518559,"y":11.978657722473145,"z":-58.4595832824707},"rotation":{"x":-0.03346129134297371,"y":0.13974180817604066,"z":-0.004784186836332083,"w":-0.9896055459976196},"size":1.7660255432128907,"orthographic":false}